{"cameraMode":{"drawMode":0,"name":"Shaded","section":"Shading Mode"},"sceneLighting":false,"audioPlay":false,"sceneViewState":{"m_AlwaysRefresh":false,"showFog":true,"showSkybox":false,"showFlares":true,"showImageEffects":true,"showParticleSystems":true,"showVisualEffectGraphs":true,"m_FxEnabled":true},"in2DMode":false,"pivot":{"x":-2.3480587005615236,"y":-0.5070642232894898,"z":-1.5880485773086548},"rotation":{"x":-0.004482706543058157,"y":0.9568292498588562,"z":-0.2912735044956207,"w":-0.012840988114476204},"size":1.7660281658172608,"orthographic":false}