{"cameraMode":{"drawMode":0,"name":"Shaded","section":"Shading Mode"},"sceneLighting":false,"audioPlay":false,"sceneViewState":{"m_AlwaysRefresh":false,"showFog":true,"showSkybox":false,"showFlares":true,"showImageEffects":true,"showParticleSystems":true,"showVisualEffectGraphs":true,"m_FxEnabled":true},"in2DMode":false,"pivot":{"x":-1.4255191087722779,"y":0.2317293882369995,"z":-2.2496607303619386},"rotation":{"x":-0.028759988024830819,"y":0.9712773561477661,"z":-0.14155474305152894,"w":-0.19056467711925507},"size":2.2367777824401857,"orthographic":false}