{"cameraMode":{"drawMode":0,"name":"Shaded","section":"Shading Mode"},"sceneLighting":false,"audioPlay":false,"sceneViewState":{"m_AlwaysRefresh":false,"showFog":false,"showSkybox":false,"showFlares":false,"showImageEffects":false,"showParticleSystems":false,"showVisualEffectGraphs":true,"m_FxEnabled":true},"in2DMode":false,"pivot":{"x":0.00000762939453125,"y":0.6941925287246704,"z":-0.01222655177116394},"rotation":{"x":-0.23048606514930726,"y":0.11701783537864685,"z":-0.02793213725090027,"w":-0.9656130075454712},"size":1.3527331352233887,"orthographic":false}